{
  "images": [
    {
      "width": 600,
      "height": 1208,
      "id": 0,
      "file_name": "images\\1/e03d388f-5fc2a5350606e7c5e1f596bd8b954159.jpg"
    },
    {
      "width": 300,
      "height": 425,
      "id": 1,
      "file_name": "images\\1/7f51f69a-05KatanasShort.png"
    },
    {
      "width": 1080,
      "height": 1080,
      "id": 2,
      "file_name": "images\\1/8da905e0-4f8392819e6a2da3278947fee595e3b72c5dde47.jpeg"
    },
    {
      "width": 1000,
      "height": 1000,
      "id": 3,
      "file_name": "images\\1/2f77d9e9-1inlxogc.jpg"
    },
    {
      "width": 750,
      "height": 280,
      "id": 4,
      "file_name": "images\\1/e9171689-1.jpg"
    },
    {
      "width": 1200,
      "height": 1600,
      "id": 5,
      "file_name": "images\\1/d9954618-1200px-Albion_Ljubljana_Medieval_Sword_05_8261019590.jpg"
    },
    {
      "width": 650,
      "height": 456,
      "id": 6,
      "file_name": "images\\1/5415209a-webcombat.jpg"
    },
    {
      "width": 1173,
      "height": 705,
      "id": 7,
      "file_name": "images\\1/1487879d-Vr3xPNtZCjXxnYQLMxAmgD.jpg"
    },
    {
      "width": 1000,
      "height": 694,
      "id": 8,
      "file_name": "images\\1/6db4a9c2-USS711_1_L.jpg"
    },
    {
      "width": 350,
      "height": 390,
      "id": 9,
      "file_name": "images\\1/5a9b1737-ulfberht_viking_sword.jpg"
    },
    {
      "width": 919,
      "height": 1000,
      "id": 10,
      "file_name": "images\\1/f1fdf5c5-ufdxz1efl3721.jpg"
    },
    {
      "width": 1306,
      "height": 642,
      "id": 11,
      "file_name": "images\\1/0897f46e-two-handed-sword.jpg"
    },
    {
      "width": 1000,
      "height": 2119,
      "id": 12,
      "file_name": "images\\1/0482a6a6-two-handed-danish-sword-medieval-weapon-1352.jpg"
    },
    {
      "width": 900,
      "height": 900,
      "id": 13,
      "file_name": "images\\1/4a1ad455-turkish-sword-resurrection-ertugrul.webp"
    },
    {
      "width": 768,
      "height": 1024,
      "id": 14,
      "file_name": "images\\1/0fe0fa81-tumblr_nq55zaC1Yx1tho85xo1_1280.jpg"
    },
    {
      "width": 400,
      "height": 125,
      "id": 15,
      "file_name": "images\\1/707856a2-tumblr_8eb0fd1810ce8637083929bc09d5db0f_2bf58fc7_400.jpg"
    },
    {
      "width": 1100,
      "height": 734,
      "id": 16,
      "file_name": "images\\1/c7d481e7-Top-15-Most-Expensive-Samurai-Swords.webp"
    },
    {
      "width": 640,
      "height": 426,
      "id": 17,
      "file_name": "images\\1/b2795206-the-shining-edge-of-power.webp"
    },
    {
      "width": 1200,
      "height": 800,
      "id": 18,
      "file_name": "images\\1/d1675e50-The_Brescia_Spadona_05.jpg"
    },
    {
      "width": 580,
      "height": 386,
      "id": 19,
      "file_name": "images\\1/6589e34c-Tameshigiri-580x386.jpg"
    },
    {
      "width": 1920,
      "height": 1920,
      "id": 20,
      "file_name": "images\\1/f12a1d20-tairo-fialho-thumb.jpg"
    },
    {
      "width": 355,
      "height": 320,
      "id": 21,
      "file_name": "images\\1/8a0852d7-t84wjb.jpg"
    },
    {
      "width": 500,
      "height": 500,
      "id": 22,
      "file_name": "images\\1/62c58bb3-swords-500x500.webp"
    },
    {
      "width": 1300,
      "height": 960,
      "id": 23,
      "file_name": "images\\1/a1c748eb-sword-rapier-of-french-noble-france-18th-century-path-on-the-white-FCN6D1.jpg"
    },
    {
      "width": 600,
      "height": 390,
      "id": 24,
      "file_name": "images\\1/e78342d2-Stormbringer.webp"
    },
    {
      "width": 471,
      "height": 1000,
      "id": 25,
      "file_name": "images\\1/773a0320-SS783BK_L.jpg"
    },
    {
      "width": 1600,
      "height": 1200,
      "id": 26,
      "file_name": "images\\1/d3dfc23b-s-l1600.jpg"
    },
    {
      "width": 500,
      "height": 375,
      "id": 27,
      "file_name": "images\\1/2de97b96-s-l500.jpg"
    },
    {
      "width": 750,
      "height": 501,
      "id": 28,
      "file_name": "images\\1/92ed71b4-shutterstock_1757105537-750x501.webp"
    },
    {
      "width": 800,
      "height": 533,
      "id": 29,
      "file_name": "images\\1/451d7e13-shutterstock_337079981.jpg"
    },
    {
      "width": 1000,
      "height": 1333,
      "id": 30,
      "file_name": "images\\1/00a34a2c-shortkatana.jpg"
    },
    {
      "width": 978,
      "height": 602,
      "id": 31,
      "file_name": "images\\1/3acbaffc-Screen-Shot-2022-08-20-at-1.05.55-AM.png"
    },
    {
      "width": 3970,
      "height": 1002,
      "id": 32,
      "file_name": "images\\1/10f9e427-Richard-Lionheart-Sword2.jpg"
    },
    {
      "width": 750,
      "height": 1125,
      "id": 33,
      "file_name": "images\\1/d28a5618-ottoman-sword-1.jpg"
    },
    {
      "width": 1280,
      "height": 960,
      "id": 34,
      "file_name": "images\\1/8bc0c457-Orc-king1.jpg"
    },
    {
      "width": 703,
      "height": 280,
      "id": 35,
      "file_name": "images\\1/917f318e-old-sword-medieval-weapon-blade-260nw-1136819063.webp"
    },
    {
      "width": 1000,
      "height": 476,
      "id": 36,
      "file_name": "images\\1/4caa5f59-medieval-weapons-AdobeStock_169960940.jpg"
    },
    {
      "width": 338,
      "height": 450,
      "id": 37,
      "file_name": "images\\1/9e98a175-medieval-combat.jpg"
    },
    {
      "width": 1493,
      "height": 1049,
      "id": 38,
      "file_name": "images\\1/1844642e-Medieval_Fighting_2_Courtesy_of_Combat_Strike_Photography.jpg"
    },
    {
      "width": 1280,
      "height": 720,
      "id": 39,
      "file_name": "images\\1/43d467ac-maxresdefault.jpg"
    },
    {
      "width": 1280,
      "height": 720,
      "id": 40,
      "file_name": "images\\1/6ae63f4a-maxresdefault_2.jpg"
    },
    {
      "width": 1280,
      "height": 720,
      "id": 41,
      "file_name": "images\\1/e1a62a79-maxresdefault_1.jpg"
    },
    {
      "width": 634,
      "height": 429,
      "id": 42,
      "file_name": "images\\1/cc8a9e39-marrca.jpg"
    },
    {
      "width": 226,
      "height": 640,
      "id": 43,
      "file_name": "images\\1/d6c3394d-main-qimg-c195f6099efa774cbd125972be3d1ecb-lq.jpg"
    },
    {
      "width": 602,
      "height": 451,
      "id": 44,
      "file_name": "images\\1/becc1d0d-main-qimg-8efb768bb1301e67c227b660500fc4d3-lq.jpg"
    },
    {
      "width": 300,
      "height": 224,
      "id": 45,
      "file_name": "images\\1/7ed74839-main-qimg-3bb57765e14a1aeb42de3038e3a62358.webp"
    },
    {
      "width": 1500,
      "height": 1061,
      "id": 46,
      "file_name": "images\\1/0875d731-longKatana.jpg"
    },
    {
      "width": 362,
      "height": 177,
      "id": 47,
      "file_name": "images\\1/15e1de10-like-steel-waster-montante-v2.jpg"
    },
    {
      "width": 1600,
      "height": 1600,
      "id": 48,
      "file_name": "images\\1/ccc50ed4-l5qq7xvu.jpg"
    },
    {
      "width": 1200,
      "height": 571,
      "id": 49,
      "file_name": "images\\1/84de0b9f-Kilij_1200x1200.jpg.crdownload"
    },
    {
      "width": 423,
      "height": 423,
      "id": 50,
      "file_name": "images\\1/c1e95108-Kamplian-sword.jpg"
    },
    {
      "width": 1200,
      "height": 1200,
      "id": 51,
      "file_name": "images\\1/4704b99f-JS126678294.jpg"
    },
    {
      "width": 612,
      "height": 408,
      "id": 52,
      "file_name": "images\\1/3810b9ef-istockphoto-630052480-612x612.jpg"
    },
    {
      "width": 580,
      "height": 580,
      "id": 53,
      "file_name": "images\\1/675dc2b5-imam-ali-sword-7-580x580.jpg"
    },
    {
      "width": 800,
      "height": 800,
      "id": 54,
      "file_name": "images\\1/edb8cb5c-ImageLoader.jpg"
    },
    {
      "width": 420,
      "height": 281,
      "id": 55,
      "file_name": "images\\1/60578792-Image-2.webp"
    },
    {
      "width": 420,
      "height": 217,
      "id": 56,
      "file_name": "images\\1/07628d5a-Image-1.webp"
    },
    {
      "width": 570,
      "height": 435,
      "id": 57,
      "file_name": "images\\1/a8f4bccb-il_570xN.1745847693_467x.webp"
    },
    {
      "width": 340,
      "height": 270,
      "id": 58,
      "file_name": "images\\1/a2d251d1-il_340x270.4185787322_m3fl.webp"
    },
    {
      "width": 340,
      "height": 270,
      "id": 59,
      "file_name": "images\\1/4e711a43-il_340x270.4044210513_qy34.webp"
    },
    {
      "width": 1000,
      "height": 1748,
      "id": 60,
      "file_name": "images\\1/7ca5cac2-H0109-L191432164.jpg"
    },
    {
      "width": 480,
      "height": 322,
      "id": 61,
      "file_name": "images\\1/1e793278-Goujian_Sword_large.webp"
    },
    {
      "width": 800,
      "height": 600,
      "id": 62,
      "file_name": "images\\1/c5161f4d-f40864ed9018ed745187724fa9059970.jpg"
    },
    {
      "width": 955,
      "height": 1390,
      "id": 63,
      "file_name": "images\\1/fc82a21d-espada-lucha-contra-e6jpa8.jpg"
    },
    {
      "width": 1024,
      "height": 1024,
      "id": 64,
      "file_name": "images\\1/1f1f6fa7-ertugrul-sword-replica.jpg"
    },
    {
      "width": 500,
      "height": 500,
      "id": 65,
      "file_name": "images\\1/c6f5a4ed-egypt-sword.jpg"
    },
    {
      "width": 2272,
      "height": 1704,
      "id": 66,
      "file_name": "images\\1/1200fd81-DSCN2965.jpg"
    },
    {
      "width": 608,
      "height": 363,
      "id": 67,
      "file_name": "images\\1/de0b117c-DSC_9515__05551.jpg"
    },
    {
      "width": 350,
      "height": 233,
      "id": 68,
      "file_name": "images\\1/4fe35827-DSC_2742__42201.jpg"
    },
    {
      "width": 531,
      "height": 1000,
      "id": 69,
      "file_name": "images\\1/3772c4fa-DSA1326BK_L.jpg"
    },
    {
      "width": 1306,
      "height": 642,
      "id": 70,
      "file_name": "images\\1/1569f9e7-dane-two-handed-sword.jpg"
    },
    {
      "width": 588,
      "height": 1700,
      "id": 71,
      "file_name": "images\\1/c2dd8281-d7025b2dccc2a221ae9b343e3eb27681.jpg"
    },
    {
      "width": 1000,
      "height": 470,
      "id": 72,
      "file_name": "images\\1/169d0223-crusader-war-sword1.jpg"
    },
    {
      "width": 1536,
      "height": 2048,
      "id": 73,
      "file_name": "images\\1/2dcd3cd2-Buy-Turkish-Ottoman-Sword-2.jpeg"
    },
    {
      "width": 777,
      "height": 583,
      "id": 74,
      "file_name": "images\\1/debcbd6f-big_PB265586.jpg"
    },
    {
      "width": 500,
      "height": 666,
      "id": 75,
      "file_name": "images\\1/8d9a9492-b07cdbbb4cfa527bdf078e06b44cf504.jpg"
    },
    {
      "width": 634,
      "height": 526,
      "id": 76,
      "file_name": "images\\1/72ae7e90-article-2399431-1AB6C538000005DC-690_634x526.jpg"
    },
    {
      "width": 306,
      "height": 438,
      "id": 77,
      "file_name": "images\\1/54154264-article-2399431-1AB6C3B4000005DC-517_306x438.jpg"
    },
    {
      "width": 2560,
      "height": 1707,
      "id": 78,
      "file_name": "images\\1/f7c6da82-AdobeStock_272659319-scaled.jpeg"
    },
    {
      "width": 2560,
      "height": 1705,
      "id": 79,
      "file_name": "images\\1/b2c7a4f1-AdobeStock_272431000-scaled.jpeg"
    },
    {
      "width": 1000,
      "height": 819,
      "id": 80,
      "file_name": "images\\1/40f91096-a1d27ca48a249737f2d9c49acb23c686.png"
    },
    {
      "width": 960,
      "height": 540,
      "id": 81,
      "file_name": "images\\1/f8327007-14731354_347067135630058_5347572334804974196_n.jpg"
    },
    {
      "width": 3000,
      "height": 3000,
      "id": 82,
      "file_name": "images\\1/5c07d8fd-4421623_master.jpg"
    },
    {
      "width": 265,
      "height": 500,
      "id": 83,
      "file_name": "images\\1/b6b72ad4-3876683.jpeg"
    },
    {
      "width": 266,
      "height": 400,
      "id": 84,
      "file_name": "images\\1/9d114844-903125e4db8cde72d12406addc718e83.jpg"
    },
    {
      "width": 2000,
      "height": 1112,
      "id": 85,
      "file_name": "images\\1/9b28b1d0-104765__w_2000.jpg"
    },
    {
      "width": 1024,
      "height": 810,
      "id": 86,
      "file_name": "images\\1/96562f35-86527.jpg"
    },
    {
      "width": 988,
      "height": 1024,
      "id": 87,
      "file_name": "images\\1/32310c20-74718.jpg"
    },
    {
      "width": 480,
      "height": 320,
      "id": 88,
      "file_name": "images\\1/8915eca0-41324.jpg"
    },
    {
      "width": 1024,
      "height": 695,
      "id": 89,
      "file_name": "images\\1/5af499dd-40761.jpg"
    },
    {
      "width": 1024,
      "height": 705,
      "id": 90,
      "file_name": "images\\1/acaf0106-26778.jpg"
    },
    {
      "width": 1024,
      "height": 979,
      "id": 91,
      "file_name": "images\\1/203be061-26777.jpg"
    },
    {
      "width": 442,
      "height": 700,
      "id": 92,
      "file_name": "images\\1/d588d553-21934_443x700.jpg"
    },
    {
      "width": 1200,
      "height": 490,
      "id": 93,
      "file_name": "images\\1/2ce6f457-1200px-French_artillery_short_sword.jpg"
    },
    {
      "width": 960,
      "height": 360,
      "id": 94,
      "file_name": "images\\1/b4ee88c7-360_F_63960378_etJG4hzuxQtP0JLZFVwc9dKci4x0VbNz.jpg"
    },
    {
      "width": 606,
      "height": 632,
      "id": 95,
      "file_name": "images\\1/36d42824-316de42cf2d303c8cfd51b07c671b1da.jpg"
    },
    {
      "width": 728,
      "height": 384,
      "id": 96,
      "file_name": "images\\1/a44486d8-300-action-battle-drama-wallpaper-preview.jpg"
    },
    {
      "width": 330,
      "height": 524,
      "id": 97,
      "file_name": "images\\1/4016ec8c-100_0982.jpg"
    },
    {
      "width": 640,
      "height": 1014,
      "id": 98,
      "file_name": "images\\1/db87055d-86CD_rCZxkBox9m4EQFOXOxZzaSQfxes4YZTXJNvgYo.webp"
    },
    {
      "width": 736,
      "height": 491,
      "id": 99,
      "file_name": "images\\1/7357b879-79f68c9f5295e5e4773ac86fe8b5d142.jpg"
    },
    {
      "width": 3024,
      "height": 4032,
      "id": 100,
      "file_name": "images\\1/fc125e98-35EC6811-7D26-40C1-8D0D-0599BC6C5C6C.jpeg"
    },
    {
      "width": 736,
      "height": 1826,
      "id": 101,
      "file_name": "images\\1/9bfc5e28-9e532853b16a08e5e0b74d0694e26ef4.jpg"
    },
    {
      "width": 3264,
      "height": 2448,
      "id": 102,
      "file_name": "images\\1/d9a9ea6b-5vdoa1vpicw21.webp"
    },
    {
      "width": 728,
      "height": 384,
      "id": 103,
      "file_name": "images\\1/6c351615-300-action-battle-drama-wallpaper-preview.jpg"
    },
    {
      "width": 960,
      "height": 360,
      "id": 104,
      "file_name": "images\\1/0b2dd32f-360_F_63960378_etJG4hzuxQtP0JLZFVwc9dKci4x0VbNz.jpg"
    },
    {
      "width": 1200,
      "height": 490,
      "id": 105,
      "file_name": "images\\1/4a087b57-1200px-French_artillery_short_sword.jpg"
    },
    {
      "width": 420,
      "height": 217,
      "id": 106,
      "file_name": "images\\1/ab0d1dd9-Image-1.webp"
    },
    {
      "width": 612,
      "height": 408,
      "id": 107,
      "file_name": "images\\1/e0da54d0-istockphoto-630052480-612x612.jpg"
    },
    {
      "width": 300,
      "height": 224,
      "id": 108,
      "file_name": "images\\1/1f7b1a87-main-qimg-3bb57765e14a1aeb42de3038e3a62358.webp"
    },
    {
      "width": 703,
      "height": 280,
      "id": 109,
      "file_name": "images\\1/f0f7838e-old-sword-medieval-weapon-blade-260nw-1136819063.webp"
    },
    {
      "width": 1280,
      "height": 960,
      "id": 110,
      "file_name": "images\\1/61a8a967-Orc-king1.jpg"
    },
    {
      "width": 2000,
      "height": 1112,
      "id": 111,
      "file_name": "images\\1/0e22408b-104765__w_2000.jpg"
    },
    {
      "width": 800,
      "height": 800,
      "id": 112,
      "file_name": "images\\1/cc92ab4c-ImageLoader.jpg"
    },
    {
      "width": 978,
      "height": 602,
      "id": 113,
      "file_name": "images\\1/23ff66a3-Screen-Shot-2022-08-20-at-1.05.55-AM.png"
    }
  ],
  "categories": [
    {
      "id": 0,
      "name": "Sword"
    }
  ],
  "annotations": [
    {
      "id": 0,
      "image_id": 0,
      "category_id": 0,
      "segmentation": [],
      "bbox": [
        339,
        12,
        195,
        1171
      ],
      "ignore": 0,
      "iscrowd": 0,
      "area": 228345
    },
    {
      "id": 1,
      "image_id": 1,
      "category_id": 0,
      "segmentation": [],
      "bbox": [
        78,
        29,
        60,
        364
      ],
      "ignore": 0,
      "iscrowd": 0,
      "area": 21840
    },
    {
      "id": 2,
      "image_id": 1,
      "category_id": 0,
      "segmentation": [],
      "bbox": [
        152,
        20,
        57,
        401
      ],
      "ignore": 0,
      "iscrowd": 0,
      "area": 22857
    },
    {
      "id": 3,
      "image_id": 1,
      "category_id": 0,
      "segmentation": [],
      "bbox": [
        117,
        21,
        63,
        386
      ],
      "ignore": 0,
      "iscrowd": 0,
      "area": 24318
    },
    {
      "id": 4,
      "image_id": 2,
      "category_id": 0,
      "segmentation": [],
      "bbox": [
        28,
        20,
        1015,
        1021
      ],
      "ignore": 0,
      "iscrowd": 0,
      "area": 1036315
    },
    {
      "id": 5,
      "image_id": 3,
      "category_id": 0,
      "segmentation": [],
      "bbox": [
        358,
        7,
        256,
        961
      ],
      "ignore": 0,
      "iscrowd": 0,
      "area": 246016
    },
    {
      "id": 6,
      "image_id": 4,
      "category_id": 0,
      "segmentation": [],
      "bbox": [
        18,
        55,
        698,
        158
      ],
      "ignore": 0,
      "iscrowd": 0,
      "area": 110284
    },
    {
      "id": 7,
      "image_id": 5,
      "category_id": 0,
      "segmentation": [],
      "bbox": [
        409,
        44,
        325,
        1542
      ],
      "ignore": 0,
      "iscrowd": 0,
      "area": 501150
    },
    {
      "id": 8,
      "image_id": 6,
      "category_id": 0,
      "segmentation": [],
      "bbox": [
        393,
        28,
        66,
        275
      ],
      "ignore": 0,
      "iscrowd": 0,
      "area": 18150
    },
    {
      "id": 9,
      "image_id": 7,
      "category_id": 0,
      "segmentation": [],
      "bbox": [
        21,
        137,
        1109,
        189
      ],
      "ignore": 0,
      "iscrowd": 0,
      "area": 209601
    },
    {
      "id": 10,
      "image_id": 8,
      "category_id": 0,
      "segmentation": [],
      "bbox": [
        18,
        481,
        985,
        167
      ],
      "ignore": 0,
      "iscrowd": 0,
      "area": 164495
    },
    {
      "id": 11,
      "image_id": 9,
      "category_id": 0,
      "segmentation": [],
      "bbox": [
        68,
        332,
        363,
        52
      ],
      "ignore": 0,
      "iscrowd": 0,
      "area": 18876
    },
    {
      "id": 12,
      "image_id": 10,
      "category_id": 0,
      "segmentation": [],
      "bbox": [
        0,
        15,
        260,
        984
      ],
      "ignore": 0,
      "iscrowd": 0,
      "area": 255840
    },
    {
      "id": 13,
      "image_id": 10,
      "category_id": 0,
      "segmentation": [],
      "bbox": [
        289,
        1,
        303,
        972
      ],
      "ignore": 0,
      "iscrowd": 0,
      "area": 294516
    },
    {
      "id": 14,
      "image_id": 10,
      "category_id": 0,
      "segmentation": [],
      "bbox": [
        639,
        5,
        264,
        962
      ],
      "ignore": 0,
      "iscrowd": 0,
      "area": 253968
    },
    {
      "id": 15,
      "image_id": 11,
      "category_id": 0,
      "segmentation": [],
      "bbox": [
        2,
        186,
        1301,
        402
      ],
      "ignore": 0,
      "iscrowd": 0,
      "area": 523002
    },
    {
      "id": 16,
      "image_id": 12,
      "category_id": 0,
      "segmentation": [],
      "bbox": [
        223,
        102,
        527,
        1939
      ],
      "ignore": 0,
      "iscrowd": 0,
      "area": 1021853
    },
    {
      "id": 17,
      "image_id": 13,
      "category_id": 0,
      "segmentation": [],
      "bbox": [
        385,
        21,
        197,
        856
      ],
      "ignore": 0,
      "iscrowd": 0,
      "area": 168632
    },
    {
      "id": 18,
      "image_id": 14,
      "category_id": 0,
      "segmentation": [],
      "bbox": [
        98,
        98,
        169,
        885
      ],
      "ignore": 0,
      "iscrowd": 0,
      "area": 149565
    },
    {
      "id": 19,
      "image_id": 14,
      "category_id": 0,
      "segmentation": [],
      "bbox": [
        253,
        82,
        149,
        930
      ],
      "ignore": 0,
      "iscrowd": 0,
      "area": 138570
    },
    {
      "id": 20,
      "image_id": 14,
      "category_id": 0,
      "segmentation": [],
      "bbox": [
        545,
        65,
        129,
        924
      ],
      "ignore": 0,
      "iscrowd": 0,
      "area": 119196
    },
    {
      "id": 21,
      "image_id": 14,
      "category_id": 0,
      "segmentation": [],
      "bbox": [
        401,
        49,
        133,
        941
      ],
      "ignore": 0,
      "iscrowd": 0,
      "area": 125153
    },
    {
      "id": 22,
      "image_id": 15,
      "category_id": 0,
      "segmentation": [],
      "bbox": [
        0,
        8,
        395,
        107
      ],
      "ignore": 0,
      "iscrowd": 0,
      "area": 42265
    },
    {
      "id": 23,
      "image_id": 16,
      "category_id": 0,
      "segmentation": [],
      "bbox": [
        0,
        630,
        774,
        115
      ],
      "ignore": 0,
      "iscrowd": 0,
      "area": 89010
    },
    {
      "id": 24,
      "image_id": 17,
      "category_id": 0,
      "segmentation": [],
      "bbox": [
        27,
        205,
        605,
        131
      ],
      "ignore": 0,
      "iscrowd": 0,
      "area": 79255
    },
    {
      "id": 25,
      "image_id": 18,
      "category_id": 0,
      "segmentation": [],
      "bbox": [
        35,
        271,
        1128,
        271
      ],
      "ignore": 0,
      "iscrowd": 0,
      "area": 305688
    },
    {
      "id": 26,
      "image_id": 19,
      "category_id": 0,
      "segmentation": [],
      "bbox": [
        0,
        76,
        361,
        83
      ],
      "ignore": 0,
      "iscrowd": 0,
      "area": 29963
    },
    {
      "id": 27,
      "image_id": 20,
      "category_id": 0,
      "segmentation": [],
      "bbox": [
        1576,
        0,
        339,
        2282
      ],
      "ignore": 0,
      "iscrowd": 0,
      "area": 773598
    },
    {
      "id": 28,
      "image_id": 21,
      "category_id": 0,
      "segmentation": [],
      "bbox": [
        185,
        121,
        63,
        152
      ],
      "ignore": 0,
      "iscrowd": 0,
      "area": 9576
    },
    {
      "id": 29,
      "image_id": 22,
      "category_id": 0,
      "segmentation": [],
      "bbox": [
        6,
        150,
        492,
        205
      ],
      "ignore": 0,
      "iscrowd": 0,
      "area": 100860
    },
    {
      "id": 30,
      "image_id": 23,
      "category_id": 0,
      "segmentation": [],
      "bbox": [
        7,
        7,
        1249,
        786
      ],
      "ignore": 0,
      "iscrowd": 0,
      "area": 981714
    },
    {
      "id": 31,
      "image_id": 24,
      "category_id": 0,
      "segmentation": [],
      "bbox": [
        3,
        285,
        605,
        131
      ],
      "ignore": 0,
      "iscrowd": 0,
      "area": 79255
    },
    {
      "id": 32,
      "image_id": 25,
      "category_id": 0,
      "segmentation": [],
      "bbox": [
        46,
        60,
        130,
        948
      ],
      "ignore": 0,
      "iscrowd": 0,
      "area": 123240
    },
    {
      "id": 33,
      "image_id": 26,
      "category_id": 0,
      "segmentation": [],
      "bbox": [
        189,
        644,
        1285,
        240
      ],
      "ignore": 0,
      "iscrowd": 0,
      "area": 308400
    },
    {
      "id": 34,
      "image_id": 27,
      "category_id": 0,
      "segmentation": [],
      "bbox": [
        96,
        150,
        322,
        42
      ],
      "ignore": 0,
      "iscrowd": 0,
      "area": 13524
    },
    {
      "id": 35,
      "image_id": 27,
      "category_id": 0,
      "segmentation": [],
      "bbox": [
        99,
        331,
        417,
        47
      ],
      "ignore": 0,
      "iscrowd": 0,
      "area": 19599
    },
    {
      "id": 36,
      "image_id": 27,
      "category_id": 0,
      "segmentation": [],
      "bbox": [
        55,
        144,
        331,
        48
      ],
      "ignore": 0,
      "iscrowd": 0,
      "area": 15888
    },
    {
      "id": 37,
      "image_id": 28,
      "category_id": 0,
      "segmentation": [],
      "bbox": [
        221,
        42,
        571,
        159
      ],
      "ignore": 0,
      "iscrowd": 0,
      "area": 90789
    },
    {
      "id": 38,
      "image_id": 29,
      "category_id": 0,
      "segmentation": [],
      "bbox": [
        57,
        144,
        480,
        111
      ],
      "ignore": 0,
      "iscrowd": 0,
      "area": 53280
    },
    {
      "id": 39,
      "image_id": 30,
      "category_id": 0,
      "segmentation": [],
      "bbox": [
        593,
        0,
        377,
        1191
      ],
      "ignore": 0,
      "iscrowd": 0,
      "area": 449007
    },
    {
      "id": 40,
      "image_id": 31,
      "category_id": 0,
      "segmentation": [],
      "bbox": [
        36,
        123,
        938,
        188
      ],
      "ignore": 0,
      "iscrowd": 0,
      "area": 176344
    },
    {
      "id": 41,
      "image_id": 32,
      "category_id": 0,
      "segmentation": [],
      "bbox": [
        7,
        44,
        3962,
        884
      ],
      "ignore": 0,
      "iscrowd": 0,
      "area": 3502408
    },
    {
      "id": 42,
      "image_id": 33,
      "category_id": 0,
      "segmentation": [],
      "bbox": [
        233,
        39,
        218,
        994
      ],
      "ignore": 0,
      "iscrowd": 0,
      "area": 216692
    },
    {
      "id": 43,
      "image_id": 34,
      "category_id": 0,
      "segmentation": [],
      "bbox": [
        39,
        747,
        1310,
        198
      ],
      "ignore": 0,
      "iscrowd": 0,
      "area": 259380
    },
    {
      "id": 44,
      "image_id": 35,
      "category_id": 0,
      "segmentation": [],
      "bbox": [
        2,
        3,
        697,
        243
      ],
      "ignore": 0,
      "iscrowd": 0,
      "area": 169371
    },
    {
      "id": 45,
      "image_id": 36,
      "category_id": 0,
      "segmentation": [],
      "bbox": [
        50,
        129,
        933,
        216
      ],
      "ignore": 0,
      "iscrowd": 0,
      "area": 201528
    },
    {
      "id": 46,
      "image_id": 37,
      "category_id": 0,
      "segmentation": [],
      "bbox": [
        58,
        212,
        180,
        38
      ],
      "ignore": 0,
      "iscrowd": 0,
      "area": 6840
    },
    {
      "id": 47,
      "image_id": 38,
      "category_id": 0,
      "segmentation": [],
      "bbox": [
        1120,
        14,
        55,
        260
      ],
      "ignore": 0,
      "iscrowd": 0,
      "area": 14300
    },
    {
      "id": 48,
      "image_id": 38,
      "category_id": 0,
      "segmentation": [],
      "bbox": [
        96,
        268,
        171,
        49
      ],
      "ignore": 0,
      "iscrowd": 0,
      "area": 8379
    },
    {
      "id": 49,
      "image_id": 38,
      "category_id": 0,
      "segmentation": [],
      "bbox": [
        153,
        157,
        171,
        47
      ],
      "ignore": 0,
      "iscrowd": 0,
      "area": 8037
    },
    {
      "id": 50,
      "image_id": 39,
      "category_id": 0,
      "segmentation": [],
      "bbox": [
        1057,
        134,
        54,
        287
      ],
      "ignore": 0,
      "iscrowd": 0,
      "area": 15498
    },
    {
      "id": 51,
      "image_id": 40,
      "category_id": 0,
      "segmentation": [],
      "bbox": [
        365,
        218,
        484,
        142
      ],
      "ignore": 0,
      "iscrowd": 0,
      "area": 68728
    },
    {
      "id": 52,
      "image_id": 41,
      "category_id": 0,
      "segmentation": [],
      "bbox": [
        485,
        98,
        519,
        80
      ],
      "ignore": 0,
      "iscrowd": 0,
      "area": 41520
    },
    {
      "id": 53,
      "image_id": 42,
      "category_id": 0,
      "segmentation": [],
      "bbox": [
        67,
        17,
        223,
        61
      ],
      "ignore": 0,
      "iscrowd": 0,
      "area": 13603
    },
    {
      "id": 54,
      "image_id": 42,
      "category_id": 0,
      "segmentation": [],
      "bbox": [
        276,
        169,
        83,
        50
      ],
      "ignore": 0,
      "iscrowd": 0,
      "area": 4150
    },
    {
      "id": 55,
      "image_id": 43,
      "category_id": 0,
      "segmentation": [],
      "bbox": [
        25,
        0,
        90,
        464
      ],
      "ignore": 0,
      "iscrowd": 0,
      "area": 41760
    },
    {
      "id": 56,
      "image_id": 44,
      "category_id": 0,
      "segmentation": [],
      "bbox": [
        29,
        362,
        609,
        97
      ],
      "ignore": 0,
      "iscrowd": 0,
      "area": 59073
    },
    {
      "id": 57,
      "image_id": 45,
      "category_id": 0,
      "segmentation": [],
      "bbox": [
        219,
        45,
        20,
        100
      ],
      "ignore": 0,
      "iscrowd": 0,
      "area": 2000
    },
    {
      "id": 58,
      "image_id": 45,
      "category_id": 0,
      "segmentation": [],
      "bbox": [
        47,
        0,
        149,
        33
      ],
      "ignore": 0,
      "iscrowd": 0,
      "area": 4917
    },
    {
      "id": 59,
      "image_id": 45,
      "category_id": 0,
      "segmentation": [],
      "bbox": [
        240,
        57,
        12,
        101
      ],
      "ignore": 0,
      "iscrowd": 0,
      "area": 1212
    },
    {
      "id": 60,
      "image_id": 45,
      "category_id": 0,
      "segmentation": [],
      "bbox": [
        246,
        70,
        15,
        74
      ],
      "ignore": 0,
      "iscrowd": 0,
      "area": 1110
    },
    {
      "id": 61,
      "image_id": 46,
      "category_id": 0,
      "segmentation": [],
      "bbox": [
        118,
        32,
        1622,
        206
      ],
      "ignore": 0,
      "iscrowd": 0,
      "area": 334132
    },
    {
      "id": 62,
      "image_id": 47,
      "category_id": 0,
      "segmentation": [],
      "bbox": [
        8,
        61,
        349,
        105
      ],
      "ignore": 0,
      "iscrowd": 0,
      "area": 36645
    },
    {
      "id": 63,
      "image_id": 48,
      "category_id": 0,
      "segmentation": [],
      "bbox": [
        656,
        47,
        282,
        1513
      ],
      "ignore": 0,
      "iscrowd": 0,
      "area": 426666
    },
    {
      "id": 64,
      "image_id": 49,
      "category_id": 0,
      "segmentation": [],
      "bbox": [
        11,
        71,
        1157,
        216
      ],
      "ignore": 0,
      "iscrowd": 0,
      "area": 249912
    },
    {
      "id": 65,
      "image_id": 49,
      "category_id": 0,
      "segmentation": [],
      "bbox": [
        15,
        298,
        1164,
        200
      ],
      "ignore": 0,
      "iscrowd": 0,
      "area": 232800
    },
    {
      "id": 66,
      "image_id": 50,
      "category_id": 0,
      "segmentation": [],
      "bbox": [
        2,
        15,
        379,
        391
      ],
      "ignore": 0,
      "iscrowd": 0,
      "area": 148189
    },
    {
      "id": 67,
      "image_id": 51,
      "category_id": 0,
      "segmentation": [],
      "bbox": [
        538,
        108,
        117,
        734
      ],
      "ignore": 0,
      "iscrowd": 0,
      "area": 85878
    },
    {
      "id": 68,
      "image_id": 51,
      "category_id": 0,
      "segmentation": [],
      "bbox": [
        694,
        275,
        84,
        548
      ],
      "ignore": 0,
      "iscrowd": 0,
      "area": 46032
    },
    {
      "id": 69,
      "image_id": 52,
      "category_id": 0,
      "segmentation": [],
      "bbox": [
        11,
        10,
        600,
        388
      ],
      "ignore": 0,
      "iscrowd": 0,
      "area": 232800
    },
    {
      "id": 70,
      "image_id": 53,
      "category_id": 0,
      "segmentation": [],
      "bbox": [
        144,
        498,
        500,
        120
      ],
      "ignore": 0,
      "iscrowd": 0,
      "area": 60000
    },
    {
      "id": 71,
      "image_id": 54,
      "category_id": 0,
      "segmentation": [],
      "bbox": [
        19,
        342,
        762,
        178
      ],
      "ignore": 0,
      "iscrowd": 0,
      "area": 135636
    },
    {
      "id": 72,
      "image_id": 55,
      "category_id": 0,
      "segmentation": [],
      "bbox": [
        23,
        38,
        59,
        269
      ],
      "ignore": 0,
      "iscrowd": 0,
      "area": 15871
    },
    {
      "id": 73,
      "image_id": 56,
      "category_id": 0,
      "segmentation": [],
      "bbox": [
        26,
        0,
        397,
        73
      ],
      "ignore": 0,
      "iscrowd": 0,
      "area": 28981
    },
    {
      "id": 74,
      "image_id": 57,
      "category_id": 0,
      "segmentation": [],
      "bbox": [
        106,
        17,
        513,
        110
      ],
      "ignore": 0,
      "iscrowd": 0,
      "area": 56430
    },
    {
      "id": 75,
      "image_id": 58,
      "category_id": 0,
      "segmentation": [],
      "bbox": [
        0,
        178,
        362,
        61
      ],
      "ignore": 0,
      "iscrowd": 0,
      "area": 22082
    },
    {
      "id": 76,
      "image_id": 59,
      "category_id": 0,
      "segmentation": [],
      "bbox": [
        0,
        195,
        351,
        40
      ],
      "ignore": 0,
      "iscrowd": 0,
      "area": 14040
    },
    {
      "id": 77,
      "image_id": 60,
      "category_id": 0,
      "segmentation": [],
      "bbox": [
        341,
        86,
        321,
        1636
      ],
      "ignore": 0,
      "iscrowd": 0,
      "area": 525156
    },
    {
      "id": 78,
      "image_id": 61,
      "category_id": 0,
      "segmentation": [],
      "bbox": [
        32,
        0,
        477,
        63
      ],
      "ignore": 0,
      "iscrowd": 0,
      "area": 30051
    },
    {
      "id": 79,
      "image_id": 62,
      "category_id": 0,
      "segmentation": [],
      "bbox": [
        16,
        490,
        850,
        131
      ],
      "ignore": 0,
      "iscrowd": 0,
      "area": 111350
    },
    {
      "id": 80,
      "image_id": 63,
      "category_id": 0,
      "segmentation": [],
      "bbox": [
        112,
        345,
        741,
        78
      ],
      "ignore": 0,
      "iscrowd": 0,
      "area": 57798
    },
    {
      "id": 81,
      "image_id": 63,
      "category_id": 0,
      "segmentation": [],
      "bbox": [
        658,
        14,
        105,
        480
      ],
      "ignore": 0,
      "iscrowd": 0,
      "area": 50400
    },
    {
      "id": 82,
      "image_id": 64,
      "category_id": 0,
      "segmentation": [],
      "bbox": [
        16,
        862,
        1202,
        230
      ],
      "ignore": 0,
      "iscrowd": 0,
      "area": 276460
    },
    {
      "id": 83,
      "image_id": 65,
      "category_id": 0,
      "segmentation": [],
      "bbox": [
        74,
        32,
        553,
        95
      ],
      "ignore": 0,
      "iscrowd": 0,
      "area": 52535
    },
    {
      "id": 84,
      "image_id": 66,
      "category_id": 0,
      "segmentation": [],
      "bbox": [
        26,
        1264,
        2291,
        351
      ],
      "ignore": 0,
      "iscrowd": 0,
      "area": 804141
    },
    {
      "id": 85,
      "image_id": 67,
      "category_id": 0,
      "segmentation": [],
      "bbox": [
        51,
        178,
        507,
        82
      ],
      "ignore": 0,
      "iscrowd": 0,
      "area": 41574
    },
    {
      "id": 86,
      "image_id": 68,
      "category_id": 0,
      "segmentation": [],
      "bbox": [
        35,
        160,
        300,
        56
      ],
      "ignore": 0,
      "iscrowd": 0,
      "area": 16800
    },
    {
      "id": 87,
      "image_id": 69,
      "category_id": 0,
      "segmentation": [],
      "bbox": [
        0,
        49,
        112,
        997
      ],
      "ignore": 0,
      "iscrowd": 0,
      "area": 111664
    },
    {
      "id": 88,
      "image_id": 70,
      "category_id": 0,
      "segmentation": [],
      "bbox": [
        55,
        55,
        1201,
        528
      ],
      "ignore": 0,
      "iscrowd": 0,
      "area": 634128
    },
    {
      "id": 89,
      "image_id": 71,
      "category_id": 0,
      "segmentation": [],
      "bbox": [
        64,
        77,
        472,
        1553
      ],
      "ignore": 0,
      "iscrowd": 0,
      "area": 733016
    },
    {
      "id": 90,
      "image_id": 72,
      "category_id": 0,
      "segmentation": [],
      "bbox": [
        3,
        27,
        985,
        284
      ],
      "ignore": 0,
      "iscrowd": 0,
      "area": 279740
    },
    {
      "id": 91,
      "image_id": 73,
      "category_id": 0,
      "segmentation": [],
      "bbox": [
        95,
        479,
        265,
        1374
      ],
      "ignore": 0,
      "iscrowd": 0,
      "area": 364110
    },
    {
      "id": 92,
      "image_id": 74,
      "category_id": 0,
      "segmentation": [],
      "bbox": [
        27,
        236,
        695,
        82
      ],
      "ignore": 0,
      "iscrowd": 0,
      "area": 56990
    },
    {
      "id": 93,
      "image_id": 74,
      "category_id": 0,
      "segmentation": [],
      "bbox": [
        716,
        0,
        38,
        199
      ],
      "ignore": 0,
      "iscrowd": 0,
      "area": 7562
    },
    {
      "id": 94,
      "image_id": 74,
      "category_id": 0,
      "segmentation": [],
      "bbox": [
        121,
        14,
        196,
        28
      ],
      "ignore": 0,
      "iscrowd": 0,
      "area": 5488
    },
    {
      "id": 95,
      "image_id": 74,
      "category_id": 0,
      "segmentation": [],
      "bbox": [
        121,
        44,
        203,
        36
      ],
      "ignore": 0,
      "iscrowd": 0,
      "area": 7308
    },
    {
      "id": 96,
      "image_id": 74,
      "category_id": 0,
      "segmentation": [],
      "bbox": [
        123,
        69,
        206,
        49
      ],
      "ignore": 0,
      "iscrowd": 0,
      "area": 10094
    },
    {
      "id": 97,
      "image_id": 74,
      "category_id": 0,
      "segmentation": [],
      "bbox": [
        123,
        102,
        195,
        45
      ],
      "ignore": 0,
      "iscrowd": 0,
      "area": 8775
    },
    {
      "id": 98,
      "image_id": 74,
      "category_id": 0,
      "segmentation": [],
      "bbox": [
        140,
        148,
        188,
        27
      ],
      "ignore": 0,
      "iscrowd": 0,
      "area": 5076
    },
    {
      "id": 99,
      "image_id": 74,
      "category_id": 0,
      "segmentation": [],
      "bbox": [
        124,
        170,
        194,
        32
      ],
      "ignore": 0,
      "iscrowd": 0,
      "area": 6208
    },
    {
      "id": 100,
      "image_id": 74,
      "category_id": 0,
      "segmentation": [],
      "bbox": [
        124,
        203,
        192,
        29
      ],
      "ignore": 0,
      "iscrowd": 0,
      "area": 5568
    },
    {
      "id": 101,
      "image_id": 74,
      "category_id": 0,
      "segmentation": [],
      "bbox": [
        16,
        94,
        32,
        196
      ],
      "ignore": 0,
      "iscrowd": 0,
      "area": 6272
    },
    {
      "id": 102,
      "image_id": 74,
      "category_id": 0,
      "segmentation": [],
      "bbox": [
        95,
        0,
        27,
        276
      ],
      "ignore": 0,
      "iscrowd": 0,
      "area": 7452
    },
    {
      "id": 103,
      "image_id": 74,
      "category_id": 0,
      "segmentation": [],
      "bbox": [
        33,
        7,
        24,
        151
      ],
      "ignore": 0,
      "iscrowd": 0,
      "area": 3624
    },
    {
      "id": 104,
      "image_id": 74,
      "category_id": 0,
      "segmentation": [],
      "bbox": [
        0,
        213,
        51,
        8
      ],
      "ignore": 0,
      "iscrowd": 0,
      "area": 408
    },
    {
      "id": 105,
      "image_id": 74,
      "category_id": 0,
      "segmentation": [],
      "bbox": [
        0,
        178,
        44,
        16
      ],
      "ignore": 0,
      "iscrowd": 0,
      "area": 704
    },
    {
      "id": 106,
      "image_id": 74,
      "category_id": 0,
      "segmentation": [],
      "bbox": [
        0,
        147,
        51,
        23
      ],
      "ignore": 0,
      "iscrowd": 0,
      "area": 1173
    },
    {
      "id": 107,
      "image_id": 74,
      "category_id": 0,
      "segmentation": [],
      "bbox": [
        0,
        32,
        56,
        29
      ],
      "ignore": 0,
      "iscrowd": 0,
      "area": 1624
    },
    {
      "id": 108,
      "image_id": 75,
      "category_id": 0,
      "segmentation": [],
      "bbox": [
        408,
        0,
        99,
        694
      ],
      "ignore": 0,
      "iscrowd": 0,
      "area": 68706
    },
    {
      "id": 109,
      "image_id": 76,
      "category_id": 0,
      "segmentation": [],
      "bbox": [
        223,
        219,
        195,
        34
      ],
      "ignore": 0,
      "iscrowd": 0,
      "area": 6630
    },
    {
      "id": 110,
      "image_id": 76,
      "category_id": 0,
      "segmentation": [],
      "bbox": [
        231,
        120,
        38,
        189
      ],
      "ignore": 0,
      "iscrowd": 0,
      "area": 7182
    },
    {
      "id": 111,
      "image_id": 77,
      "category_id": 0,
      "segmentation": [],
      "bbox": [
        69,
        80,
        57,
        217
      ],
      "ignore": 0,
      "iscrowd": 0,
      "area": 12369
    },
    {
      "id": 112,
      "image_id": 78,
      "category_id": 0,
      "segmentation": [],
      "bbox": [
        805,
        248,
        260,
        2081
      ],
      "ignore": 0,
      "iscrowd": 0,
      "area": 541060
    },
    {
      "id": 113,
      "image_id": 78,
      "category_id": 0,
      "segmentation": [],
      "bbox": [
        1207,
        79,
        163,
        1598
      ],
      "ignore": 0,
      "iscrowd": 0,
      "area": 260474
    },
    {
      "id": 114,
      "image_id": 79,
      "category_id": 0,
      "segmentation": [],
      "bbox": [
        10,
        879,
        2276,
        328
      ],
      "ignore": 0,
      "iscrowd": 0,
      "area": 746528
    },
    {
      "id": 115,
      "image_id": 80,
      "category_id": 0,
      "segmentation": [],
      "bbox": [
        4,
        18,
        978,
        206
      ],
      "ignore": 0,
      "iscrowd": 0,
      "area": 201468
    },
    {
      "id": 116,
      "image_id": 80,
      "category_id": 0,
      "segmentation": [],
      "bbox": [
        3,
        279,
        983,
        209
      ],
      "ignore": 0,
      "iscrowd": 0,
      "area": 205447
    },
    {
      "id": 117,
      "image_id": 80,
      "category_id": 0,
      "segmentation": [],
      "bbox": [
        1,
        538,
        979,
        231
      ],
      "ignore": 0,
      "iscrowd": 0,
      "area": 226149
    },
    {
      "id": 118,
      "image_id": 81,
      "category_id": 0,
      "segmentation": [],
      "bbox": [
        25,
        338,
        928,
        129
      ],
      "ignore": 0,
      "iscrowd": 0,
      "area": 119712
    },
    {
      "id": 119,
      "image_id": 82,
      "category_id": 0,
      "segmentation": [],
      "bbox": [
        21,
        528,
        295,
        2053
      ],
      "ignore": 0,
      "iscrowd": 0,
      "area": 605635
    },
    {
      "id": 120,
      "image_id": 82,
      "category_id": 0,
      "segmentation": [],
      "bbox": [
        308,
        249,
        321,
        2442
      ],
      "ignore": 0,
      "iscrowd": 0,
      "area": 783882
    },
    {
      "id": 121,
      "image_id": 82,
      "category_id": 0,
      "segmentation": [],
      "bbox": [
        523,
        266,
        397,
        2433
      ],
      "ignore": 0,
      "iscrowd": 0,
      "area": 965901
    },
    {
      "id": 122,
      "image_id": 82,
      "category_id": 0,
      "segmentation": [],
      "bbox": [
        878,
        333,
        291,
        2361
      ],
      "ignore": 0,
      "iscrowd": 0,
      "area": 687051
    },
    {
      "id": 123,
      "image_id": 82,
      "category_id": 0,
      "segmentation": [],
      "bbox": [
        1183,
        477,
        270,
        2171
      ],
      "ignore": 0,
      "iscrowd": 0,
      "area": 586170
    },
    {
      "id": 124,
      "image_id": 82,
      "category_id": 0,
      "segmentation": [],
      "bbox": [
        1282,
        372,
        418,
        2264
      ],
      "ignore": 0,
      "iscrowd": 0,
      "area": 946352
    },
    {
      "id": 125,
      "image_id": 82,
      "category_id": 0,
      "segmentation": [],
      "bbox": [
        2275,
        254,
        392,
        2421
      ],
      "ignore": 0,
      "iscrowd": 0,
      "area": 949032
    },
    {
      "id": 126,
      "image_id": 82,
      "category_id": 0,
      "segmentation": [],
      "bbox": [
        2019,
        272,
        244,
        2438
      ],
      "ignore": 0,
      "iscrowd": 0,
      "area": 594872
    },
    {
      "id": 127,
      "image_id": 82,
      "category_id": 0,
      "segmentation": [],
      "bbox": [
        1728,
        264,
        278,
        2488
      ],
      "ignore": 0,
      "iscrowd": 0,
      "area": 691664
    },
    {
      "id": 128,
      "image_id": 82,
      "category_id": 0,
      "segmentation": [],
      "bbox": [
        1679,
        340,
        192,
        2321
      ],
      "ignore": 0,
      "iscrowd": 0,
      "area": 445632
    },
    {
      "id": 129,
      "image_id": 83,
      "category_id": 0,
      "segmentation": [],
      "bbox": [
        61,
        7,
        158,
        484
      ],
      "ignore": 0,
      "iscrowd": 0,
      "area": 76472
    },
    {
      "id": 130,
      "image_id": 84,
      "category_id": 0,
      "segmentation": [],
      "bbox": [
        4,
        72,
        47,
        214
      ],
      "ignore": 0,
      "iscrowd": 0,
      "area": 10058
    },
    {
      "id": 131,
      "image_id": 85,
      "category_id": 0,
      "segmentation": [],
      "bbox": [
        18,
        305,
        1970,
        632
      ],
      "ignore": 0,
      "iscrowd": 0,
      "area": 1245040
    },
    {
      "id": 132,
      "image_id": 86,
      "category_id": 0,
      "segmentation": [],
      "bbox": [
        4,
        577,
        1052,
        253
      ],
      "ignore": 0,
      "iscrowd": 0,
      "area": 266156
    },
    {
      "id": 133,
      "image_id": 87,
      "category_id": 0,
      "segmentation": [],
      "bbox": [
        1,
        120,
        186,
        1184
      ],
      "ignore": 0,
      "iscrowd": 0,
      "area": 220224
    },
    {
      "id": 134,
      "image_id": 88,
      "category_id": 0,
      "segmentation": [],
      "bbox": [
        2,
        91,
        477,
        138
      ],
      "ignore": 0,
      "iscrowd": 0,
      "area": 65826
    },
    {
      "id": 135,
      "image_id": 89,
      "category_id": 0,
      "segmentation": [],
      "bbox": [
        0,
        584,
        1108,
        129
      ],
      "ignore": 0,
      "iscrowd": 0,
      "area": 142932
    },
    {
      "id": 136,
      "image_id": 90,
      "category_id": 0,
      "segmentation": [],
      "bbox": [
        0,
        481,
        980,
        143
      ],
      "ignore": 0,
      "iscrowd": 0,
      "area": 140140
    },
    {
      "id": 137,
      "image_id": 90,
      "category_id": 0,
      "segmentation": [],
      "bbox": [
        131,
        416,
        879,
        158
      ],
      "ignore": 0,
      "iscrowd": 0,
      "area": 138882
    },
    {
      "id": 138,
      "image_id": 91,
      "category_id": 0,
      "segmentation": [],
      "bbox": [
        220,
        22,
        558,
        944
      ],
      "ignore": 0,
      "iscrowd": 0,
      "area": 526752
    },
    {
      "id": 139,
      "image_id": 92,
      "category_id": 0,
      "segmentation": [],
      "bbox": [
        0,
        5,
        429,
        679
      ],
      "ignore": 0,
      "iscrowd": 0,
      "area": 291291
    },
    {
      "id": 140,
      "image_id": 93,
      "category_id": 0,
      "segmentation": [],
      "bbox": [
        21,
        43,
        1152,
        214
      ],
      "ignore": 0,
      "iscrowd": 0,
      "area": 246528
    },
    {
      "id": 141,
      "image_id": 94,
      "category_id": 0,
      "segmentation": [],
      "bbox": [
        20,
        90,
        924,
        173
      ],
      "ignore": 0,
      "iscrowd": 0,
      "area": 159852
    },
    {
      "id": 142,
      "image_id": 95,
      "category_id": 0,
      "segmentation": [],
      "bbox": [
        87,
        31,
        76,
        322
      ],
      "ignore": 0,
      "iscrowd": 0,
      "area": 24472
    },
    {
      "id": 143,
      "image_id": 95,
      "category_id": 0,
      "segmentation": [],
      "bbox": [
        23,
        48,
        38,
        327
      ],
      "ignore": 0,
      "iscrowd": 0,
      "area": 12426
    },
    {
      "id": 144,
      "image_id": 95,
      "category_id": 0,
      "segmentation": [],
      "bbox": [
        30,
        93,
        33,
        279
      ],
      "ignore": 0,
      "iscrowd": 0,
      "area": 9207
    },
    {
      "id": 145,
      "image_id": 95,
      "category_id": 0,
      "segmentation": [],
      "bbox": [
        13,
        106,
        33,
        231
      ],
      "ignore": 0,
      "iscrowd": 0,
      "area": 7623
    },
    {
      "id": 146,
      "image_id": 95,
      "category_id": 0,
      "segmentation": [],
      "bbox": [
        4,
        138,
        24,
        203
      ],
      "ignore": 0,
      "iscrowd": 0,
      "area": 4872
    },
    {
      "id": 147,
      "image_id": 95,
      "category_id": 0,
      "segmentation": [],
      "bbox": [
        0,
        251,
        21,
        158
      ],
      "ignore": 0,
      "iscrowd": 0,
      "area": 3318
    },
    {
      "id": 148,
      "image_id": 95,
      "category_id": 0,
      "segmentation": [],
      "bbox": [
        28,
        360,
        166,
        27
      ],
      "ignore": 0,
      "iscrowd": 0,
      "area": 4482
    },
    {
      "id": 149,
      "image_id": 96,
      "category_id": 0,
      "segmentation": [],
      "bbox": [
        30,
        79,
        61,
        348
      ],
      "ignore": 0,
      "iscrowd": 0,
      "area": 21228
    },
    {
      "id": 150,
      "image_id": 97,
      "category_id": 0,
      "segmentation": [],
      "bbox": [
        101,
        11,
        123,
        492
      ],
      "ignore": 0,
      "iscrowd": 0,
      "area": 60516
    },
    {
      "id": 151,
      "image_id": 97,
      "category_id": 0,
      "segmentation": [],
      "bbox": [
        211,
        357,
        64,
        23
      ],
      "ignore": 0,
      "iscrowd": 0,
      "area": 1472
    },
    {
      "id": 152,
      "image_id": 98,
      "category_id": 0,
      "segmentation": [],
      "bbox": [
        290,
        15,
        235,
        971
      ],
      "ignore": 0,
      "iscrowd": 0,
      "area": 228185
    },
    {
      "id": 153,
      "image_id": 99,
      "category_id": 0,
      "segmentation": [],
      "bbox": [
        17,
        248,
        703,
        152
      ],
      "ignore": 0,
      "iscrowd": 0,
      "area": 106856
    },
    {
      "id": 154,
      "image_id": 100,
      "category_id": 0,
      "segmentation": [],
      "bbox": [
        1015,
        159,
        748,
        3566
      ],
      "ignore": 0,
      "iscrowd": 0,
      "area": 2667368
    },
    {
      "id": 155,
      "image_id": 101,
      "category_id": 0,
      "segmentation": [],
      "bbox": [
        138,
        77,
        442,
        1563
      ],
      "ignore": 0,
      "iscrowd": 0,
      "area": 690846
    },
    {
      "id": 156,
      "image_id": 102,
      "category_id": 0,
      "segmentation": [],
      "bbox": [
        0,
        584,
        2760,
        719
      ],
      "ignore": 0,
      "iscrowd": 0,
      "area": 1984440
    },
    {
      "id": 157,
      "image_id": 102,
      "category_id": 0,
      "segmentation": [],
      "bbox": [
        730,
        1475,
        2447,
        422
      ],
      "ignore": 0,
      "iscrowd": 0,
      "area": 1032634
    },
    {
      "id": 158,
      "image_id": 103,
      "category_id": 0,
      "segmentation": [],
      "bbox": [
        39,
        64,
        96,
        336
      ],
      "ignore": 0,
      "iscrowd": 0,
      "area": 32256
    },
    {
      "id": 159,
      "image_id": 104,
      "category_id": 0,
      "segmentation": [],
      "bbox": [
        10,
        62,
        938,
        238
      ],
      "ignore": 0,
      "iscrowd": 0,
      "area": 223244
    },
    {
      "id": 160,
      "image_id": 105,
      "category_id": 0,
      "segmentation": [],
      "bbox": [
        15,
        35,
        1146,
        211
      ],
      "ignore": 0,
      "iscrowd": 0,
      "area": 241806
    },
    {
      "id": 161,
      "image_id": 106,
      "category_id": 0,
      "segmentation": [],
      "bbox": [
        17,
        10,
        368,
        199
      ],
      "ignore": 0,
      "iscrowd": 0,
      "area": 73232
    },
    {
      "id": 162,
      "image_id": 107,
      "category_id": 0,
      "segmentation": [],
      "bbox": [
        18,
        14,
        592,
        392
      ],
      "ignore": 0,
      "iscrowd": 0,
      "area": 232064
    },
    {
      "id": 163,
      "image_id": 108,
      "category_id": 0,
      "segmentation": [],
      "bbox": [
        50,
        0,
        141,
        46
      ],
      "ignore": 0,
      "iscrowd": 0,
      "area": 6486
    },
    {
      "id": 164,
      "image_id": 108,
      "category_id": 0,
      "segmentation": [],
      "bbox": [
        201,
        32,
        42,
        103
      ],
      "ignore": 0,
      "iscrowd": 0,
      "area": 4326
    },
    {
      "id": 165,
      "image_id": 108,
      "category_id": 0,
      "segmentation": [],
      "bbox": [
        218,
        46,
        45,
        104
      ],
      "ignore": 0,
      "iscrowd": 0,
      "area": 4680
    },
    {
      "id": 166,
      "image_id": 108,
      "category_id": 0,
      "segmentation": [],
      "bbox": [
        233,
        75,
        44,
        70
      ],
      "ignore": 0,
      "iscrowd": 0,
      "area": 3080
    },
    {
      "id": 167,
      "image_id": 109,
      "category_id": 0,
      "segmentation": [],
      "bbox": [
        2,
        2,
        684,
        265
      ],
      "ignore": 0,
      "iscrowd": 0,
      "area": 181260
    },
    {
      "id": 168,
      "image_id": 110,
      "category_id": 0,
      "segmentation": [],
      "bbox": [
        9,
        697,
        1348,
        206
      ],
      "ignore": 0,
      "iscrowd": 0,
      "area": 277688
    },
    {
      "id": 169,
      "image_id": 111,
      "category_id": 0,
      "segmentation": [],
      "bbox": [
        33,
        270,
        1955,
        670
      ],
      "ignore": 0,
      "iscrowd": 0,
      "area": 1309850
    },
    {
      "id": 170,
      "image_id": 112,
      "category_id": 0,
      "segmentation": [],
      "bbox": [
        19,
        325,
        755,
        204
      ],
      "ignore": 0,
      "iscrowd": 0,
      "area": 154020
    },
    {
      "id": 171,
      "image_id": 113,
      "category_id": 0,
      "segmentation": [],
      "bbox": [
        38,
        125,
        923,
        177
      ],
      "ignore": 0,
      "iscrowd": 0,
      "area": 163371
    }
  ],
  "info": {
    "year": 2022,
    "version": "1.0",
    "description": "",
    "contributor": "Label Studio",
    "url": "",
    "date_created": "2022-11-30 11:13:59.746321"
  }
}